{
    "action": {
        "min": [
            -0.3150806128978729,
            0.01392364501953125,
            -0.09000000357627869,
            -0.05536532402038574,
            -0.27655914425849915,
            -0.40483877062797546,
            -0.07171821594238281
        ],
        "max": [
            0.8486341238021851,
            2.081489324569702,
            1.3697258234024048,
            1.4800000190734863,
            0.20385588705539703,
            0.22078122198581696,
            456.06060791015625
        ],
        "mean": [
            0.2614831030368805,
            1.247370719909668,
            0.4642304480075836,
            0.6491822004318237,
            -0.0022336088586598635,
            -0.13809721171855927,
            65.93772888183594
        ],
        "std": [
            0.2798033058643341,
            0.5686284899711609,
            0.37837228178977966,
            0.49949774146080017,
            0.13074706494808197,
            0.11757740378379822,
            128.25802612304688
        ],
        "count": [
            3595
        ],
        "q01": [
            -0.30309508461505175,
            0.01392364501953125,
            -0.08300791829824447,
            -0.04949446974787861,
            -0.2683575836094943,
            -0.3942887375752131,
            -0.07171821594238281
        ],
        "q10": [
            -0.1127106174826622,
            0.19276807457208633,
            -0.009949866188577858,
            0.005994194252964328,
            -0.17081978917121887,
            -0.2904037186285345,
            -0.07171821594238281
        ],
        "q50": [
            0.2368052604548428,
            1.363423764705658,
            0.5858987160027027,
            0.4875878095626831,
            -0.004841214418411255,
            -0.15991207668962687,
            -0.07171821594238281
        ],
        "q90": [
            0.6111686895059985,
            1.8151459853316463,
            0.9355547229448954,
            1.4798100080834813,
            0.19241247893955213,
            0.0025068284129377586,
            250.04498993446086
        ],
        "q99": [
            0.7448423683643342,
            2.05090993642807,
            1.3536504383881887,
            1.479981017974486,
            0.20103997190793355,
            0.21621736735105515,
            445.46851230655705
        ]
    },
    "observation.state": {
        "min": [
            -0.3164339065551758,
            0.01354217529296875,
            -0.01087188720703125,
            -0.06618595123291016,
            -0.2737083435058594,
            -0.3992137908935547,
            -0.07171821594238281
        ],
        "max": [
            0.8482112884521484,
            2.0799951553344727,
            1.3681621551513672,
            1.2953004837036133,
            0.20313549041748047,
            0.21877670288085938,
            5.096895217895508
        ],
        "mean": [
            0.26124516129493713,
            1.2470712661743164,
            0.46670815348625183,
            0.6103320121765137,
            -0.0024179271422326565,
            -0.13459166884422302,
            2.3952929973602295
        ],
        "std": [
            0.28001168370246887,
            0.5685502886772156,
            0.37314528226852417,
            0.44481539726257324,
            0.13102175295352936,
            0.11794465780258179,
            2.4306232929229736
        ],
        "count": [
            3595
        ],
        "q01": [
            -0.30419282582071094,
            0.01354217529296875,
            -0.010582290310412645,
            -0.05693238315482934,
            -0.2692146897315979,
            -0.3945424000918865,
            -0.03339209812540042
        ],
        "q10": [
            -0.11157281696796417,
            0.19766313582658768,
            -0.001439769374977412,
            0.005138798747901564,
            -0.16465415805578232,
            -0.2890522036524046,
            -0.03254536093224453
        ],
        "q50": [
            0.23590817309300835,
            1.3628843575716019,
            0.5850087404251099,
            0.48021262884140015,
            -0.004345208406448364,
            -0.15771568952887147,
            0.8985227931823049
        ],
        "q90": [
            0.6112483468922701,
            1.8162364744862844,
            0.9334216862916946,
            1.2865416208902996,
            0.1940689203785915,
            0.006661612654356977,
            5.0806367237067755
        ],
        "q99": [
            0.7443365693092346,
            2.0504552900791166,
            1.353282415866852,
            1.2890135710889643,
            0.19974765808958755,
            0.21721137607539143,
            5.081317946672925
        ]
    },
    "observation.images.wrist": {
        "min": [
            [
                [
                    0.0
                ]
            ],
            [
                [
                    0.00392156862745098
                ]
            ],
            [
                [
                    0.0
                ]
            ]
        ],
        "max": [
            [
                [
                    1.0
                ]
            ],
            [
                [
                    0.9764705882352941
                ]
            ],
            [
                [
                    1.0
                ]
            ]
        ],
        "mean": [
            [
                [
                    0.4621854975736703
                ]
            ],
            [
                [
                    0.4361800022361675
                ]
            ],
            [
                [
                    0.3775182613005691
                ]
            ]
        ],
        "std": [
            [
                [
                    0.0
                ]
            ],
            [
                [
                    0.0
                ]
            ],
            [
                [
                    0.0
                ]
            ]
        ],
        "count": [
            464
        ],
        "q01": [
            [
                [
                    0.00781463228070332
                ]
            ],
            [
                [
                    0.027266301435841078
                ]
            ],
            [
                [
                    -3.9215686274509807e-13
                ]
            ]
        ],
        "q10": [
            [
                [
                    0.07846837587027586
                ]
            ],
            [
                [
                    0.08249108665870365
                ]
            ],
            [
                [
                    0.03936137180372537
                ]
            ]
        ],
        "q50": [
            [
                [
                    0.5333534262788976
                ]
            ],
            [
                [
                    0.4981317924121951
                ]
            ],
            [
                [
                    0.427528803982937
                ]
            ]
        ],
        "q90": [
            [
                [
                    0.7177505283966159
                ]
            ],
            [
                [
                    0.6822884472054409
                ]
            ],
            [
                [
                    0.6784882322003393
                ]
            ]
        ],
        "q99": [
            [
                [
                    0.8197695329089557
                ]
            ],
            [
                [
                    0.788277856200863
                ]
            ],
            [
                [
                    0.7803561209139115
                ]
            ]
        ]
    },