{
    "action": {
        "min": [
            -0.00057220458984375,
            0.00286102294921875,
            -0.016463059931993484,
            -1.5758569240570068,
            -0.09233604371547699,
            -0.26029542088508606,
            -0.0709543228149414
        ],
        "max": [
            2.214435577392578,
            1.9385716915130615,
            1.3175276517868042,
            1.547327995300293,
            0.2618483304977417,
            0.028012437745928764,
            230.3030242919922
        ],
        "mean": [
            1.6039400100708008,
            1.2069982290267944,
            0.59193354845047,
            0.2743288278579712,
            0.040755536407232285,
            -0.12116504460573196,
            61.34465026855469
        ],
        "std": [
            0.3546444773674011,
            0.5272771716117859,
            0.42919278144836426,
            0.7543314695358276,
            0.09846708923578262,
            0.06592682003974915,
            71.58995819091797
        ],
        "count": [
            3147
        ],
        "q01": [
            0.4023244246840477,
            0.00286102294921875,
            -0.016463059931993484,
            -1.5727705452177259,
            -0.09086242066777271,
            -0.2555175167593089,
            -0.02402797780494878
        ],
        "q10": [
            1.0925858656565348,
            0.03797481246292593,
            0.027207914306358858,
            -0.6892093274794834,
            -0.08515513401100601,
            -0.236893480271101,
            -0.01417166012848567
        ],
        "q50": [
            1.5799466371536255,
            1.1606095433235168,
            0.5751618146896362,
            0.12409670230669853,
            0.05277329683303833,
            -0.14369524840046377,
            40.90284745446567
        ],
        "q90": [
            2.0282198667526243,
            1.863785457611084,
            1.1105722665786744,
            1.5229083432091608,
            0.18987258740446783,
            -0.05315932125917503,
            221.20449230137157
        ],
        "q99": [
            2.1623962569236754,
            1.936289821624756,
            1.31316084086895,
            1.5469184547662735,
            0.25869820356369017,
            0.024026982635259625,
            228.82153433227538
        ]
    },
    "observation.state": {
        "min": [
            -0.00057220458984375,
            0.00247955322265625,
            0.00820159912109375,
            -1.2972078323364258,
            -0.09403419494628906,
            -0.24471664428710938,
            -0.0709543228149414
        ],
        "max": [
            2.214655876159668,
            1.9361791610717773,
            1.3120851516723633,
            1.2903413772583008,
            0.2588310241699219,
            0.02841949462890625,
            5.093842506408691
        ],
        "mean": [
            1.602626085281372,
            1.206595540046692,
            0.5933367609977722,
            0.24944733083248138,
            0.04107194393873215,
            -0.11647183448076248,
            2.8993606567382812
        ],
        "std": [
            0.3564740717411041,
            0.5273017883300781,
            0.42543134093284607,
            0.6999481320381165,
            0.0981026217341423,
            0.06628070026636124,
            2.484342098236084
        ],
        "count": [
            3147
        ],
        "q01": [
            0.3748956626653671,
            0.002989449782842963,
            0.00820159912109375,
            -1.294504930251523,
            -0.0932932671515838,
            -0.24090304907411336,
            -0.02126026566469609
        ],
        "q10": [
            1.091826918721199,
            0.041811006143689176,
            0.03744424768552488,
            -0.6948468099940907,
            -0.08904097015276934,
            -0.22943260061740875,
            -0.01977698702403173
        ],
        "q50": [
            1.5799297264644079,
            1.159798800945282,
            0.573956698179245,
            0.11899719160536061,
            0.05436326563358307,
            -0.1397804052879413,
            5.078446348241512
        ],
        "q90": [
            2.0280140256881714,
            1.8624279737472536,
            1.1087576270103454,
            1.286023958325386,
            0.19135162386488408,
            -0.04596717924769245,
            5.079239957604632
        ],
        "q99": [
            2.1630542922019957,
            1.9358671118662907,
            1.3098456438021227,
            1.2886259743960007,
            0.25499967495600384,
            0.026141616690158843,
            5.080079674612392
        ]
    },
    "observation.images.wrist": {
        "min": [
            [
                [
                    0.0
                ]
            ],
            [
                [
                    0.0
                ]
            ],
            [
                [
                    0.0
                ]
            ]
        ],
        "max": [
            [
                [
                    1.0
                ]
            ],
            [
                [
                    1.0
                ]
            ],
            [
                [
                    1.0
                ]
            ]
        ],
        "mean": [
            [
                [
                    0.45999828625894806
                ]
            ],
            [
                [
                    0.4443338998793962
                ]
            ],
            [
                [
                    0.4076379537231559
                ]
            ]
        ],
        "std": [
            [
                [
                    0.0
                ]
            ],
            [
                [
                    0.0
                ]
            ],
            [
                [
                    0.0
                ]
            ]
        ],
        "count": [
            420
        ],
        "q01": [
            [
                [
                    0.007872159583308726
                ]
            ],
            [
                [
                    0.027534357707980506
                ]
            ],
            [
                [
                    0.0038607448435695234
                ]
            ]
        ],
        "q10": [
            [
                [
                    0.0900565465306582
                ]
            ],
            [
                [
                    0.0981250452567449
                ]
            ],
            [
                [
                    0.058888219756653495
                ]
            ]
        ],
        "q50": [
            [
                [
                    0.5215324519298413
                ]
            ],
            [
                [
                    0.5099454225406087
                ]
            ],
            [
                [
                    0.48633068720378064
                ]
            ]
        ],
        "q90": [
            [
                [
                    0.7099693098873577
                ]
            ],
            [
                [
                    0.6745828640145671
                ]
            ],
            [
                [
                    0.6704658194281456
                ]
            ]
        ],
        "q99": [
            [
                [
                    0.8312957538464135
                ]
            ],
            [
                [
                    0.8196134930229954
                ]
            ],
            [
                [
                    0.8078498806956169
                ]
            ]
        ]
    },