{
    "action": {
        "min": [
            -0.00019073486328125,
            0.00133514404296875,
            -0.00026928415172733366,
            -1.2345502376556396,
            -0.1215360015630722,
            -0.2275560349225998,
            -0.0682840347290039
        ],
        "max": [
            2.2301926612854004,
            2.017345666885376,
            1.4190348386764526,
            1.4928675889968872,
            0.2147141844034195,
            0.02668083645403385,
            96.96969604492188
        ],
        "mean": [
            1.8110922574996948,
            1.340463638305664,
            0.6397789120674133,
            0.35607653856277466,
            0.007354978006333113,
            -0.09729014337062836,
            33.543121337890625
        ],
        "std": [
            0.341926246881485,
            0.5728338360786438,
            0.41011959314346313,
            0.8165982365608215,
            0.07476243376731873,
            0.08594062924385071,
            38.48706817626953
        ],
        "count": [
            2684
        ],
        "q01": [
            0.3142219519615173,
            0.0013351439265534282,
            -0.00026928423903882504,
            -1.2335028743743897,
            -0.09201152716896363,
            -0.22614044070243836,
            -0.009708638531275285
        ],
        "q10": [
            1.553226685523987,
            0.0013351439265534282,
            -0.00026928423903882504,
            -0.7774299865419214,
            -0.09049837963921684,
            -0.18894965767860414,
            -0.00541550758270881
        ],
        "q50": [
            1.7916992902755737,
            1.5230199098587036,
            0.6118766069412231,
            0.30589544773101807,
            0.008854670727506597,
            -0.12141213938593864,
            7.575381165948407
        ],
        "q90": [
            2.202869511957038,
            1.8292922019958495,
            1.3649137579876445,
            1.3425238308153655,
            0.10965264815776074,
            0.02137443027965763,
            96.95216279206453
        ],
        "q99": [
            2.225357141494751,
            2.0170274030461033,
            1.411677179336548,
            1.4926014423370362,
            0.1980469411611557,
            0.024007351012790903,
            96.96794271963614
        ]
    },
    "observation.state": {
        "min": [
            -0.00019073486328125,
            0.00133514404296875,
            0.01201629638671875,
            -1.2422752380371094,
            -0.11348915100097656,
            -0.21114635467529297,
            -0.0682840347290039
        ],
        "max": [
            2.2291526794433594,
            2.0056076049804688,
            1.4154653549194336,
            1.2998781204223633,
            0.21419811248779297,
            0.034142494201660156,
            5.093079566955566
        ],
        "mean": [
            1.8097374439239502,
            1.339420199394226,
            0.641095757484436,
            0.330695241689682,
            0.006715916562825441,
            -0.09150024503469467,
            2.94773268699646
        ],
        "std": [
            0.34485000371932983,
            0.5717657804489136,
            0.4072436988353729,
            0.7879068851470947,
            0.07437098771333694,
            0.08768041431903839,
            2.448190212249756
        ],
        "count": [
            2684
        ],
        "q01": [
            0.2868773412704468,
            0.0013351439265534282,
            0.012301591060045412,
            -1.2392382303873697,
            -0.09289316569055829,
            -0.21040872714942016,
            -0.016127166068181396
        ],
        "q10": [
            1.5520564317703247,
            0.002890459299087527,
            0.01253143366363089,
            -0.7859078645706177,
            -0.09017867685245176,
            -0.19093067782160678,
            -0.0046876459223468125
        ],
        "q50": [
            1.7917554378509521,
            1.523580014705658,
            0.6115697026252747,
            0.29928648471832275,
            0.010056229929129282,
            -0.11803783714137178,
            5.077908671045878
        ],
        "q90": [
            2.2034498377049223,
            1.829071259498596,
            1.3727050185203553,
            1.287091028690338,
            0.10966975512327971,
            0.026143888963593376,
            5.079399734820719
        ],
        "q99": [
            2.2260672092437743,
            2.005248825709025,
            1.408773636817932,
            1.2990259029990747,
            0.19703778147697448,
            0.029967257125037058,
            5.079637461281369
        ]
    },
    "observation.images.wrist": {
        "min": [
            [
                [
                    0.0
                ]
            ],
            [
                [
                    0.0
                ]
            ],
            [
                [
                    0.0
                ]
            ]
        ],
        "max": [
            [
                [
                    1.0
                ]
            ],
            [
                [
                    1.0
                ]
            ],
            [
                [
                    1.0
                ]
            ]
        ],
        "mean": [
            [
                [
                    0.46096432461873643
                ]
            ],
            [
                [
                    0.44637382667000497
                ]
            ],
            [
                [
                    0.4059991440236489
                ]
            ]
        ],
        "std": [
            [
                [
                    0.0
                ]
            ],
            [
                [
                    0.0
                ]
            ],
            [
                [
                    0.0
                ]
            ]
        ],
        "count": [
            372
        ],
        "q01": [
            [
                [
                    0.007978000229737214
                ]
            ],
            [
                [
                    0.02753663908986328
                ]
            ],
            [
                [
                    -3.9215686274509807e-13
                ]
            ]
        ],
        "q10": [
            [
                [
                    0.09405991745537474
                ]
            ],
            [
                [
                    0.10192665481299741
                ]
            ],
            [
                [
                    0.0588738611390809
                ]
            ]
        ],
        "q50": [
            [
                [
                    0.5176001665753563
                ]
            ],
            [
                [
                    0.5018700138169272
                ]
            ],
            [
                [
                    0.4704717064377912
                ]
            ]
        ],
        "q90": [
            [
                [
                    0.7176671424219505
                ]
            ],
            [
                [
                    0.686223720077305
                ]
            ],
            [
                [
                    0.6784105488037858
                ]
            ]
        ],
        "q99": [
            [
                [
                    0.8312436615083268
                ]
            ],
            [
                [
                    0.8039863871765639
                ]
            ],
            [
                [
                    0.796050521567754
                ]
            ]
        ]
    },